group,url,label,api_prediction,mapped_prediction
correct,rockandroll.cl/yah5343/Yahoo!AccountVerification.htm,0,1,0
correct,207.000webhostapp.com,0,1,0
correct,https://hjfgcv.omopwai.cn/,0,1,0
correct,thespec.com/print/article/625419,1,0,1
correct,rarefilmfinder.com/showfilm.php?id=4817,1,0,1
correct,https://indianexpress.com/article/opinion/columns/the-blasphemy-test-asia-bibi-pakistan-supreme-court-5439881/,1,0,1
correct,www.highpointdesigns.com/weighbridgescales/,1,0,1
correct,mobilecommercedaily.com/2011/10/10/credit-union-attracts-25000-new-mobile-banking-users-in-five-weeks,1,0,1
correct,http://www.pockatcard.co.jp.lsbvfy.top/,0,1,0
correct,https://www.amazeonojp.com/,0,1,0
correct,autodesk.blogs.com/about.html,1,0,1
correct,entergy-louisiana.com/,1,0,1
correct,bayrailalliance.org/capitol_corridor,1,0,1
correct,ussoccer.com/Tournaments/FIFA-Under-20-World-Cup/2009-FIFA-Under-20-World-Cup.aspx,1,0,1
correct,http://www.voipproviderslist.com/wiki/voip-phone/home/,1,0,1
correct,https://ts3toyota-card.xwtgdn.shop/,0,1,0
correct,http://fcit.usf.edu/Holocaust/TIMELINE/RESIST/NUMBER1.HTM,1,0,1
correct,passittobulis.blogspot.com/2011/02/yann-sauve-evolves-from-land-mammal-to.html,1,0,1
correct,http://ys5egue.dteted7f7r.et4.4656.5.t65.5.5875.dhirt.4989.rgkhr.594k.e.clearpointsupplies.com/dteted7f7r.et4.4656.5.t65/,0,1,0
correct,https://subscriber.kcjsy.com/Ops.aspx?5m3k2=zx&5m3k2i0=&5m3k2i0hyfxevc=,0,1,0
correct,ticketnetwork.com/tickets/sylvia-browne-tickets.aspx,1,0,1
correct,www.woll2woll.com/1stClass.html,1,0,1
correct,https://doccomo.ne.tujp.xyz/,0,1,0
correct,com4ort.com,0,1,0
correct,https://signinlogin007.wixsite.com/my-site,0,1,0
correct,https://jfgfc.anj0ii.cn/,0,1,0
correct,https://besselwriggle.com/oc/Login.htm,0,1,0
correct,ekonova.nazwa.pl/wc0coj,0,1,0
correct,https://kafka.nl/,1,0,1
correct,fearthefin.com/2009/9/28/1058055/nhl-season-preview-2009-2010-san,1,0,1
correct,www.cmu1h.com/dll/index.htm?app=com-d&amp;,0,1,0
correct,cefapk.000webhostapp.com,0,1,0
correct,https://etc.bfcbx.cn/,0,1,0
correct,samuitv.com/inst1.exe,0,1,0
correct,http://daydo-app.com/ibeacon/configuration/Billing/information/verification/secure/center/amz/moises/4da943b781212f12af6a38cec88316f4/welog.php,0,1,0
correct,http://phenix-custom.com/aws-ca/8/,0,1,0
correct,www.grafx-design.com/coreltut.html,1,0,1
correct,blog.naturecrops.com.ar/wp-admin/css/cft0/index.php,0,1,0
correct,https://5centbux.com/eko/T/Y1.html,0,1,0
correct,paidcontent.org/article/419-now-on-facebook-five-more-warner-bros.-films/,1,0,1
correct,answers.yahoo.com/question/index?qid=20090413090656AAKbUxN,1,0,1
correct,https://staging.medical-pay.jp/api/docomo/sp/order/25/,0,1,0
correct,beyondsportworld.org/member/view/470/South%20African%20Christian%20Football%20Association%20(SACFA),1,0,1
correct,91.142.90.46/checkupdate,0,1,0
correct,life.tampabay.com/,1,0,1
correct,https://grabify.link/MDSFKH,0,1,0
correct,http://www.sasiseoen.ddbshs.top/,0,1,0
correct,the-sports.org/bobsleigh-world-championships-2010-2011-results-women-s26-c0-b0-g111-t2425-u5-v0.html,1,0,1
correct,myethirwaellet.com,0,1,0
correct,https://qgcbbay.cn,0,1,0
correct,bank-americaverify.github.io,0,1,0
correct,https://kakunin.azzq-manxmo4n.icu/,0,1,0
correct,punternet.com/forum/index.php/topic/16207-anyone-a-girl-who-can-clench-her-pussy-muscles/,1,0,1
correct,uk.ask.com/wiki/Peru_national_football_team,1,0,1
correct,le52.icu,0,1,0
correct,http://aplacetofloat.com/where-to-float/listing/spacetime-tanks,1,0,1
correct,http://ugfzkscqzl.duckdns.org/,0,1,0
correct,localschooldirectory.com/district-schools/101260303/Albert-Gallatin-Area-School-District/PA,1,0,1
correct,traleedynamos.com/,1,0,1
correct,youtube.com/watch?v=B9nztnpSiPg,1,0,1
correct,straightup.ch/~kaiser/includes/.dd/8e86bdc22fbb89d7d337ae50e15d22ea/webscr.htm,0,1,0
correct,https://dhlgpi.com/absalogin.htm,0,1,0
correct,test.uvkoladiya.com/Https-/-/VotreEcpaceAbonne/Facture-80109658644-identifiez-vous2016/trust@france.freemobile.fr/mobile.fr-esspace_identification-bienvenue-dans_votre_espaceabonne_moncompte/,0,1,0
correct,imdb.com/video/imdb/vi513934105/,1,0,1
correct,https://ameozon.cqitjjk.cn/,0,1,0
correct,en-gb.facebook.com/fraserjgibson,1,0,1
correct,redefinemag.com/music/interviews_music_2.php?artist=Rogue-Wave&id=54,1,0,1
correct,https://vteeddddd.000webhostapp.com/s/ocnmails1-0.html,0,1,0
correct,napless-cement.000webhostapp.com,0,1,0
correct,en.wikipedia.org/wiki/Claude_Tousignant,1,0,1
correct,paypal.com.cgi.bin.gfgkdmkg564546sqdfsdfjhfd.ultramed.com.au/90ba245da97d671298bcfd6dedd457e1/,0,1,0
correct,rtf98mn.tk,0,1,0
correct,childpsychologistminneapolis.com/wp-content/convit/,0,1,0
correct,http://www.linfo.org/server.html,1,0,1
correct,ditillo2.blogspot.com/2009/09/louis-cyr-w-pullum.html,1,0,1
correct,newswire.ca/en/story/679947/astral-now-calls-downtown-montreal-home-the-building-located-at-1800-mcgill-college-avenue-becomes-maison-astral,1,0,1
correct,safraempresas.site,0,1,0
correct,http://www.medtronic.com/content/dam/medtronic-com-m/mdt/cardio/documents/cv-diagnosis-crosswalks-1a.pdf,1,0,1
correct,https://118.27.21.73,0,1,0
correct,paypallimited.myvnc.com,0,1,0
correct,www.itee.uq.edu.au/~smith/book.html,1,0,1
correct,www.governmentauctions.org/blog/?feed=rss2,1,0,1
correct,fanbase.com/Jake-Botts,1,0,1
correct,arianguished.co.kr,0,1,0
correct,atletismobarrutia.com/en/uk/webscrlogin.php,0,1,0
correct,http://logos.wikia.com/wiki/NBC_Sports,1,0,1
correct,remstarpro2.respironics.com/,1,0,1
correct,iitp.org.br/invel/wp-includes/quotationfile/doc/dxx/8798dc6dac0f6fe9b1a2c733ff4df04c,0,1,0
correct,myy-acccccc.blogspot.com,0,1,0
correct,genforum.genealogy.com/ewing/page2.html,1,0,1
correct,http://bpaghptefr.duckdns.org/,0,1,0
correct,http://en.academic.ru/dic.nsf/enwiki/1529147,1,0,1
correct,https://pcsoe5.my03.com/,0,1,0
correct,www.tradepub.com/free/ri,1,0,1
correct,songforeurope.wordpress.com/2011/10/03/album-art-for-demande-moi-by-marie-elaine-thibert-etienne-drapeau/,1,0,1
correct,www.patoche.org/LTT/install/00000103.html,1,0,1
correct,pastehtml.com/view/botfcsz9s.html,0,1,0
correct,toeloopy.com/gallery/skating/skaters/alphabetical/g.htm,1,0,1
correct,archiver.rootsweb.ancestry.com/th/index/CAN-QC-OBITS/2005-01,1,0,1
correct,games.groups.yahoo.com/group/wraith-necropolis/,1,0,1
correct,www.garshol.priv.no/download/xsa/dtddoc.html,1,0,1
correct,ebylnk.ml,0,1,0
correct,en.wikipedia.org/wiki/Frankie,1,0,1
correct,www.babinet.cz/avatars/19889/hires/dir/b56a6217453cfd970a31634f9a7fab45/,0,1,0
correct,https://smbc-card.com.y804rt.cn,0,1,0
correct,acc.nndilkei.co,0,1,0
correct,tools.ietf.org/html/rfc768,1,0,1
correct,http://www.vnvevsei.fmsjqjv.asso.ci,0,1,0
correct,https://coinarc.co/.tmb/wetransfer/excelzz/bizmail.php?email=ZXR0aUByYWluYm93bWQuY29t&amp;.rand=13vqcr8bp0gud&amp;lc=1033&amp;id=64855&amp;mkt=en-us&amp;cbcxt=mai&amp;snsc=1,0,1,0
correct,tech.fortune.cnn.com/tag/john-markoff/,1,0,1
correct,youtube.com/watch?v=_l-kna8jEaU,1,0,1
correct,romancatholicvocations.blogspot.com/2008_01_01_archive.html,1,0,1
correct,youthradio.org/oldsite/books/001024_shiga.shtml,1,0,1
correct,www.njdiaosu.com/js/?us.battle.net/login/en/?ref=us.battle.net/d3/en/index&amp;app=com-d3,0,1,0
correct,http://clients-recouvrement-free-mobile.com/assistance_telecom/access_moncompte/mobile_facture=cid3620114/7661af4d164640dc44206852e862bf11/b591d/moncompte/index.php?clientid=16013,0,1,0
correct,zfash-premium.com,0,1,0
correct,pescapantry.com,0,1,0
correct,apple.varifidogionx.com,0,1,0
correct,sports.nationalpost.com/2011/10/24/toronto-fc-ends-season-with-a-hint-of-hope/,1,0,1
correct,freebase.com/view/en/royce_clayton,1,0,1
correct,answers.com/topic/ella-baker,1,0,1
correct,evolutionseries.com/nbv364,0,1,0
correct,http://login.IEPUSA.ORG,0,1,0
correct,archive.org/stream/historyofjeromet00curriala/historyofjeromet00curriala_djvu.txt,1,0,1
correct,zlookup.com,0,1,0
correct,https://shopnicekicks.com/pages/locations,1,0,1
correct,https://id9283.mixh.jp/login.php,0,1,0
correct,timesofmylife.wordpress.com/,1,0,1
correct,fandango.com/davegoelz/filmography/p27380,1,0,1
correct,http://openscience.org/software/,1,0,1
correct,myspace.com/dancepartyusamovie,1,0,1
correct,djshiftee.com/,1,0,1
correct,pillowsandpancakes.com/country/Canada/Quebec/Montreal,1,0,1
correct,vsimppt.com.ua,0,1,0
correct,http://thewcollection.co.uk/wp-content/themes/twentythirteen/languages/ii.php?email=abuse@huawei.com,0,1,0
correct,newjersey.hometownlocator.com/nj/monmouth/monmouth-beach.cfm,1,0,1
correct,en.wikipedia.org/wiki/Guy_Street,1,0,1
correct,http://auidsecveriones.gq/?token=,0,1,0
correct,jfairoly83.xyz,0,1,0
correct,hjs9dpxzsa.appspot.com,0,1,0
correct,http://gravitas-media.com/language/en-GB/scoder/,0,1,0
correct,www.cs.caltech.edu/~schulman/,1,0,1
correct,ctidirectory.com/search/company.cfm?company=25053,1,0,1
correct,https://society.kmbkkj.cn/shocking,0,1,0
correct,http://www.printonwood.com.au/laser/,1,0,1
correct,sdafa.org/au/,0,1,0
correct,tube8.com/anal/some-with-mai-lin-flame-and-two-guys/149589,1,0,1
correct,montrealgazette.com/sports/Athletes+benefit+from+Saputo+Bursary+Program/5513786/story.html,1,0,1
correct,www.alaska.net/~flavin/,1,0,1
correct,j.gs/2625340/paypal,0,1,0
correct,https://www.ervices.runescape.com-tp.ru/,0,1,0
correct,kcet.org/updaily/socal_focus/history/italian-americans-legacy-in-early-los-angeles-includes-taking-a-sip-of-winemaking-history.html,1,0,1
correct,babyeinsteinbooks.org/,1,0,1
correct,https://srnbc-card.com.rby2r3.cn/,0,1,0
correct,www.gplivna.eu/papers_e.htm,1,0,1
correct,spokeo.com/Lionel+Wilson,1,0,1
correct,http://beaconhouse.rs/quota/xhtml/remise2016/fichederemise.php,0,1,0
correct,absoluteastronomy.com/topics/Bob_O'Farrell,1,0,1
correct,washingtonpost.com/wp-srv/sports/hssports/longterm/allmets/bsoccer_98.htm,1,0,1
correct,icehockey.wikia.com/wiki/1995_Stanley_Cup_Playoffs,1,0,1
correct,rutgers.edu/,1,0,1
correct,lalcointeriors.com/skin/images/--/amli/assurence/1cacfccdc9187efb2f8a63cddf7d371a/,0,1,0
correct,students.med.mcgill.ca/mss,1,0,1
correct,pastehtml.com/view/bef2sqbm1.html,0,1,0
correct,archive.org/details/LostChildren025,1,0,1
correct,phalangetilstandsligninger.penismedia.eu/viewtopic.php?yq=6&amp;l=66797&amp;v=762&amp;ak=1,0,1,0
correct,en.wikipedia.org/wiki/I_Bet_You_They_Won't_Play_This_Song_on_the_Radio,1,0,1
correct,anfaoffice.com,0,1,0
correct,nytimes.com/1992/11/02/style/ellen-trachtenberg-david-campbell.html,1,0,1
correct,glenndavissoccer.com/about/,1,0,1
correct,lkasg.000webhostapp.com,0,1,0
correct,www.allegropl.xaa.pl/enter_login.html?session=ogy1ygqgxqalbwcxzvcxnywgfvvgmpbganaaceawmhdg1culebafnbdabqawehulvcbcvxcgbcanza5oa==&amp;global_login_hash=1f0f47e7fcvxvvc8fb48f851c41eafvdgdg33a7&amp;session_login_hash=e4baf33efvdsfdsg6422224f66b652028fvcxfvde,0,1,0
correct,bitslook.org/cm9tbWVlMDNAeWFob28uZGU=/DEsdR/cgiwg4knuxp6a1s9ey,0,1,0
correct,https://calzadocastaonline.com/ts3card/jp,0,1,0
correct,http://www.maccasaseerosds.smccosasod.fkihti.com.cn/ic6oXx7P3s/page1.php,0,1,0
correct,autobusmontroyal.com/,1,0,1
correct,www.randomdice.com/games/rr.asp,1,0,1
correct,dodon.name/helpdesk/mailbox/mailbox/index.php?email=abuse@huawei.com,0,1,0
correct,http://jkhfds38td.com/,0,1,0
correct,https://kn10086.cc/index.php?id=,0,1,0
correct,sihrhockey.org/p_2009_agm_summary.cfm,1,0,1
correct,mailsd50.gq,0,1,0
correct,libertypolls.com,0,1,0
correct,jakarta.apache.org/bsf/,1,0,1
correct,http://jaaeza.com/dribrahim/document-shared500/doc/index.php,0,1,0
correct,theentertaineme.com/cgi/GDriveE/GDrive/modules.php,0,1,0
correct,wrt.ucr.edu/wordpress/,1,0,1
correct,espn.go.com/blog/dallas/texas-rangers/post/_/id/4849718/steve-busby-on-galloway-company,1,0,1
correct,freebase.com/view/en/dublin_heuston_railway_station,1,0,1
correct,http://dwsadfm.xyz,0,1,0
correct,thecanadianencyclopedia.com/index.cfm?PgNm=TCE&Params=U1ARTU0003480,1,0,1
correct,bumperspecailties.com,0,1,0
correct,amazon.com/s?ie=UTF8&rh=n%3A163856011%2Ck%3AJohn%20Prine%2FConnie%20Smith&page=1,1,0,1
correct,https://www.codashop-new1291.duckdns.org/login/facebook/,0,1,0
correct,pyogenic-job.000webhostapp.com,0,1,0
correct,87safety-help.000webhostapp.com,0,1,0
correct,https://8sc28bzj.duckdns.org,0,1,0
correct,vimeo.com/31977605,1,0,1
correct,geniralsfserver.top/data/feeder,0,1,0
correct,wii.ign.com/objects/142/14273777.html,1,0,1
correct,linkedin.com/pub/dir/+/Hartsook,1,0,1
correct,tvtrip.com/montreal-hotels/hotel-auberge-universel-montreal,1,0,1
correct,https://clevercarrepairs.com/Box We Transf/index.php,0,1,0
correct,mirrorfootball.co.uk/opinion/columnists/robbie-savage/Robbie-Savage-column-Everton-s-Ross-Barkley-Hull-s-Robbie-Brady-and-Derby-s-Jeff-Hendrick-are-the-brightest-talents-around-article799826.html,1,0,1
correct,zoominfo.com/people/Barbot_Oxiris_354146489.aspx,1,0,1
correct,http://www.thefreedictionary.com/Input-output+model,1,0,1
correct,rockvilla.gnbo.com.ng/,0,1,0
correct,nonnegotiable-dange.000webhostapp.com,0,1,0
correct,http://mediacom.biz/images/ochestratsfr/stefanologu/bvrelevtwera/indianafrehet/zazahgripol/ogrei/aaron.html,0,1,0
correct,ccmhockey.com/en/corporate/about-us/,1,0,1
correct,stickpage.com/nevermore2game.shtml,1,0,1
correct,prnewswire.com/news-releases/national-organization-for-women-and-healthcare-union-call-for-hospital-ceo-levy-to-resign-102549729.html,1,0,1
correct,abcactionnews.com/dpp/sports/baseball/rays/blue-jays-manager-john-farrell-and-rays-manager-joe-maddon-both-ejected-in-7th-inning,1,0,1
correct,https://amacardupdata.656deg.xyz/,0,1,0
correct,howardtullman.com/projects/swinging_on_a_star/index.html,1,0,1
correct,thecanadianencyclopedia.com/index.cfm?PgNm=TCE&Params=A1ARTA0009301,1,0,1
correct,www.acox.info/page/vote.php?pid=39,0,1,0
correct,amazon.com/Creation-time-report-progressive-creationist/dp/1877775029,1,0,1
correct,www.uwyn.com/projects/relativelayers/,1,0,1
correct,newjersey.hometownlocator.com/nj/monmouth/west-long-branch.cfm,1,0,1
correct,imdb.com/name/nm0001326/,1,0,1
correct,facebook.com/pages/Pete-Escovedo/108187389202587,1,0,1
correct,https://com.persoanl.sup5.shop/,0,1,0
correct,https://jggtlb.bar,0,1,0
correct,https://vdfrt.jjszyy.cn/,0,1,0
correct,https://www.amaoppino.com/,0,1,0
correct,https://www.skynetix.co.za/loke/dpbx/,0,1,0
correct,http://support-appleld.com.secureupdate.duilawyeryork.com/ap/7542644ae9f8c70?cmd=_update&dispatch=7542644ae9f8c70a6&locale=_de,0,1,0
correct,https://7ffj08h.duckdns.org/,0,1,0
correct,mylife.com/c-205150907,1,0,1
correct,automotix.net/yellowpages/tennessee/memphis/car_insurance_quote/auto_insurance_agents/,1,0,1
correct,sparcousa.com/,1,0,1
correct,ianstevensonrealestate.com.au/,1,0,1
correct,254.38returnfromrevenueagency.conturaenergy.in,0,1,0
correct,http://www.aeoeessoen.asacaaonnaa.chgcvn.top/,0,1,0
correct,rottentomatoes.com/celebrity/claude_rains/,1,0,1
correct,absoluteastronomy.com/topics/Le_Plateau-Mont-Royal,1,0,1
correct,http://prayogispl.com/dree/drp/dropbox2016/Home/,0,1,0
correct,overeni-apple-cz.best,0,1,0
correct,https://creditopessoalitau.com/itaucard/step-2.php?key=Z9eb0Do5swoq,0,1,0
correct,eu.diablo.net.ca.mk-xp.in/login.html?amp,0,1,0
correct,warnerbros.com/wbsf/,1,0,1
correct,http://ow.ly/R5y830oxyCX,0,1,0
correct,irt-print.ru/wp-includes/simplepie/nets/net/invoice/,0,1,0
correct,https://www.visaeis-vsiaoeod.opldkxs.presse.ci,0,1,0
correct,www.nonex.ru//images/stories/information.html.html,0,1,0
correct,france-questions.com/sys/update/infosy/confirmation/newupdate2012/info/account/update/index.html,0,1,0
correct,msdn.microsoft.com/en-us/library/aa260521(VS.60).aspx,1,0,1
correct,https://www.raikuten.co-jp.wfxfv1mi.cc/,0,1,0
correct,http://olenelife.com/sessions/paypal/?cmd=_home&amp;dispatch=5885d80a13c0db1f8e&amp;ee=dd7240ed13b0ef4e0a6709bf8423de13,0,1,0
correct,entretecno.cl/includes/facte/adcf5ce7b62529a1336783c9522dc9a4/webscr.php?cmd=_login-run&amp;amp;dispatch=5885d80a13c0db1f1ff80d546411d7f8a8350c132bc41e0934cfc023d4e8f9e5,0,1,0
correct,absoluteastronomy.com/topics/Major_general_%28United_States%29,1,0,1
correct,scrimshawsltd.net,0,1,0
correct,facebook.com/people/Pamela-Verboonen-Espino/603237718,1,0,1
correct,http://amanom.xyz/,0,1,0
correct,https://miymoicred02.xyz/,0,1,0
correct,centrocommercialeilporto.it/cgi.bin/paypal.us/secure/update/id139652556/,0,1,0
correct,http://dogue-abbeyao.com/libraries/joomla/ok/index.html,0,1,0
correct,enotes.com/topic/Ford_F-Series,1,0,1
correct,http://www.pathfinance.pro/cs/,0,1,0
correct,https://polcd.qavzxcz.cn/,0,1,0
correct,xhamster.com/movies/143888/arab_girl_sexy_dancer.html,1,0,1
correct,edit-mail-yahoo.services,0,1,0
correct,thegazette.com/2011/11/02/iowa-missouri-officials-to-celebrate-interstate-680-reopening/,1,0,1
correct,http://www.smdc.coaasasmsrema.qkcyvw.top/,0,1,0
correct,http://www.asdnews.com/news-70427/Close_Air_Support_Conference.htm,1,0,1
correct,wiki.answers.com/Q/Most_Triples_in_a_Single_Season,1,0,1
correct,flmd.uscourts.gov/,1,0,1
correct,tlumaczenia-byler.eu/download/VERIFY/LIFEVERIFY/es,0,1,0
correct,emergencyarchitects.org.au/projectaustralia.htm,1,0,1
correct,myspace.com/edwinhawkins,1,0,1
correct,http://www.massccsoermsrd.eusglgo.presse.ci,0,1,0
correct,sappmtraining.com/wp-includes/theme-compat/wcspng.php,0,1,0
correct,91.239.25.173:6892,0,1,0
correct,fighters.com/fighter/Patrick-Cote,1,0,1
correct,chaiandyoga.com/yoga-teacher-profile-lisa-steele/,1,0,1
correct,mutant-sounds.blogspot.com/2007/05/les-granules-le-retour-des.html,1,0,1
correct,http://www.imdb.com/Title?1031224,1,0,1
correct,aisel.aisnet.org/jais/,1,0,1
correct,https://iab-jcb.xyz/,0,1,0
correct,sing365.com/music/lyric.nsf/Nothingface-Biography/B7F728AE07DD67E148256A2D003AC966,1,0,1
correct,luxelectrical.ca/wp-includes/theme-compat/PDFFILE/,0,1,0
correct,https://vdhhggg.shop/,0,1,0
correct,www.cert.org/advisories/CA-2002-06.html,1,0,1
correct,arrwoodfloor.co.uk/lk/Arch/Arch/Archive/,0,1,0
correct,http://yourbusiness.azcentral.com/print-fabric-laser-printer-21801.html,1,0,1
correct,brainyquote.com/quotes/authors/c/carla_bley.html,1,0,1
correct,https://eourvne79r.mefound.com/,0,1,0
correct,blackwoodatelier.com.au/shilancha/Hotmail-New/Hotmail-New/Verification%20Set-up.html,0,1,0
correct,tvrage.com/person/id-18571/Shawn+Batten,1,0,1
correct,equiep-linkedin.com/,0,1,0
correct,last.fm/music/Diane+Dufresne,1,0,1
correct,https://smj8fr.duckdns.org,0,1,0
correct,martial-artists.livejournal.com/631035.html,1,0,1
correct,fanbase.com/Drew-Gooden,1,0,1
correct,peypal.com.webscr.cmd.login-run.56df45df4g5dg46.idealwebhosting.net/security/secure-code13/security/login.php,0,1,0
correct,nigerianet.com/images/,0,1,0
correct,etd.lsu.edu/docs/available/etd-11102004-114145/unrestricted/Zumba_thesis.pdf,1,0,1
correct,http://primapaten.com/blessifile/,0,1,0
correct,en.wikipedia.org/wiki/Tom_Ferguson,1,0,1
correct,interceder.net/topic/Ron-Dellums,1,0,1
correct,jewelrywindsor.ca/,1,0,1
correct,https://www.myjcb.iw6ugab.cn/,0,1,0
correct,saramymensinghbd.org/wp-content/MP/3/mailbox/,0,1,0
correct,realgoldgroup.com/h/review/,0,1,0
correct,movies.yahoo.com/movie/1809813034/info,1,0,1
correct,en.wikipedia.org/wiki/C%C3%B4te-des-Neiges%E2%80%93Notre-Dame-de-Gr%C3%A2ce,1,0,1
correct,de-help3.top,0,1,0
correct,livingartscentre.ca/index.php/past-exhibition-schedule.html,1,0,1
correct,politicalparlor.net/wp/2010/09/22/barry-moore-plays-to-base-in-hd-91-ad/,1,0,1
correct,youtube.com/watch?v=z8eZEOro5FQ,1,0,1
correct,incif.in,0,1,0
correct,https://applieid.appile-lnc.link/,0,1,0
correct,talk.collegeconfidential.com/indiana-university-bloomington/855850-kllc-vs-hrc.html,1,0,1
correct,https://auopay-auoneo-jp.rnpxnjn.cn,0,1,0
correct,https://dsavfd.q1gig4non.cn,0,1,0
correct,peringatan3.webnode.com,0,1,0
correct,web.mit.edu/network/pgp.html,1,0,1
correct,tvguide.com/celebrities/alfre-woodard/138965,1,0,1
correct,http://45.77.223.26/ap/signin?key=noreply@example.com,0,1,0
correct,car-insurance-services.com/images/chaimg/home/,0,1,0
correct,www.chemproindia.com/Inspmain.htm,1,0,1
correct,baseball-almanac.com/teamstats/roster.php?y=1989&t=MON,1,0,1
correct,precodex.com,0,1,0
correct,http://loudweb.czweb.org/sherw/,0,1,0
correct,emdadbatriparsian.com,0,1,0
correct,pappaypal.com,0,1,0
correct,tools.ietf.org/html/rfc1689,1,0,1
correct,www.stephenbrooks.org/muon1/,1,0,1
correct,http://www.pockctaaed.co.jp.wrbpva.top/,0,1,0
correct,https://au-pay-auoneo.pdfwklh.cn/,0,1,0
correct,ebay.com/itm/1-CENT-CD-Dwight-Yoakam-Tomorrows-Sounds-Today-ADV-/310352475720,1,0,1
correct,udecodocs.net/sdi/,0,1,0
correct,https://connecct-login.awoutslmd.com/,0,1,0
correct,en.wikipedia.org/wiki/Birmingham,1,0,1
correct,en.wikipedia.org/wiki/Michael_Copps_Costello,1,0,1
correct,https://djfuef.qpclkjf.cn/,0,1,0
correct,https://www.aeocsen-aesmmen.gkvvddl.ne.pw/,0,1,0
correct,https://inofksdiau.ceqzmj.cn,0,1,0
correct,https://sessionbuddy.com/data-location/,1,0,1
correct,'anita-gd.com/images/?us.battle.net/login/en/?ref=http\%3A\%2F\%2Fus.battle.net\%2Fd3\%2Fen\%2Findex&amp;app=com-d3',0,1,0
correct,biggeststars.com/s/shemar-moore-home.html,1,0,1
correct,crywolfmovie.com/,1,0,1
correct,pitch.com/kansascity/mayors-civic-leaders-and-their-task-forces-all-claim-to-want-to-help-the-kansas-city-school-district-so-far-no-results/Content?oid=2193786,1,0,1
correct,ehow.com/how_6607492_install-pg-fonts-band_in_a_box.html,1,0,1
correct,http://www.kf25zx.com/images/?http://us.battle.net/login/en/http://www.toitoi.com.tw/wp-admin,0,1,0
correct,https://jccbcp.icu/,0,1,0
correct,twitter.com/BrightonRocks_,1,0,1
correct,stadiumsofprofootball.com/afc/ArrowheadStadium.htm,1,0,1
correct,facebook.com/pages/Olympic-Pool-Montreal/138951182791455,1,0,1
correct,genforum.genealogy.com/martineau/messages/651.html,1,0,1
correct,blogs.trucktrend.com/6210736/miscellaneous/ford-f-series-and-toby-keith-team-up-for-concert-tour/index.html,1,0,1
correct,business-mex.com/tejeda/templates/base/element/index.htm,0,1,0
correct,mylife.com/c-43468814,1,0,1
correct,blackgateinvestmentsltd.co.ke,0,1,0
correct,dixpected.net/wp-content/themes/Webly/ingbelLogin.htm,0,1,0
correct,pay-redirect.kbgh.com.tr,0,1,0
correct,de-adac-ag.blogspot.com,0,1,0
correct,cinestarz.ca/Kyle/main.php?theater=cot,1,0,1
correct,geraldpeary.com/interviews/abc/altman.html,1,0,1
correct,216.22.34.198/uploadform/server/php/files/GD/index.php,0,1,0
correct,whitelightsband.bandcamp.com/,1,0,1
correct,www.paypal-info.yolasite.com/,0,1,0
correct,www.cloanto.com/users/mcb/19950127giflzw.html,1,0,1
correct,baseballlibrary.com/teams/team.php?team=kansas_city_athletics,1,0,1
correct,google.com/finance?cid=714949,1,0,1
correct,amazon.com/WWE-Backlash-2002-Triple-H/product-reviews/B000067J4J?pageNumber=5,1,0,1
correct,stubhub.com/air-canada-centre-event-tickets/,1,0,1
correct,164290.giftcardrebel.co,0,1,0
correct,pastehtml.com/view/b4hmu2v5o.html,0,1,0
correct,jetpens.com/Zebra-Comic-Manga-Nibs/ct/782,1,0,1
correct,www.amrein.com/eworld.htm,1,0,1
correct,forbes.com/lists/2008/33/biz_baseball08_Kansas-City-Royals_339113.html,1,0,1
correct,gutenberg.org/files/29820/29820-h/29820-h.htm,1,0,1
correct,https://8p9itj.cn,0,1,0
correct,https://primelink.longm55.shop/,0,1,0
correct,classmates.com/directory/school/Ecole%20Secondaire%20Theriault?org=25395,1,0,1
correct,lib.berkeley.edu/MRC/FilmonVideoVid.html,1,0,1
correct,www.alphaworks.ibm.com/tech/texml,1,0,1
correct,https://www.pxhrnt.cn,0,1,0
correct,forleasebyowner.com/z_CoconutCreekFlorida.asp,1,0,1
correct,http://postalebank.gotdns.ch/e787591a1924ca211a46146e854cd4,0,1,0
correct,constructoravym.cl/includes/bin/6ce319cfaf3d878b17dcae41ba066ea9/,0,1,0
correct,kenselandco.com/blog/private-equity-investing-in-digital-media-expected-to-increase-in-2011,1,0,1
correct,news.sympatico.cbc.ca/canada/montreal_mayor_tells_occupy_protesters_to_leave/6f76f6b0,1,0,1
correct,alll-panik.tk,0,1,0
correct,jmosthigh.de,0,1,0
correct,angelfire.com/mn/manguy2limpbizkit/hotmail.html,0,1,0
correct,mcafeepromo.net,0,1,0
correct,azrescs.000webhostapp.com,0,1,0
correct,www.ghpm.net.cn/image/?us.battle.net/login/en/?ref=us.battle.net/d3/en/index&amp;amp;app=com-d3,0,1,0
correct,fanpop.com/spots/arashi,1,0,1
correct,undenominational-im.000webhostapp.com,0,1,0
correct,techgage.com/news/lavalys_everest_is_no_more_resurfaces_as_aida64/,1,0,1
correct,norcalpreps.rivals.com/content.asp?cid=410631,1,0,1
correct,hollywood.com/celebrity/1280088/Tricia_Leigh_Fisher,1,0,1
correct,https://ngfcv.stsfbmv.cn/,0,1,0
correct,jbservers.com/Dropbox/file/files/db/file.dropbox/,0,1,0
correct,www.jpmnews.com/admin/cinema/others/others/index.php,0,1,0
correct,badbeatsandbackdoors.com,0,1,0
correct,gold.ozroadie.com.au/s1elskabxx\nwww.lavoro24.it/messaggio.php?titolo=Attenzione%21&testo=Password+non+corretta%2C+o+non+corrispondente+a+nessun+utente+registrato.&redirect=%2Fcandidatura_password.php%3FoffertaID%3D62574%26aziendaID%3D0&rtime=5&grazie=&popup=,0,1,0
correct,broughtonhall.co.uk/?q=history,1,0,1
correct,youtube.com/watch?v=rs-Fm-U9E5E,1,0,1
correct,xvideos.com/video1164182/andando_pelada_na_rua_,1,0,1
correct,ns02.dvrdns.org/,0,1,0
correct,mxp2201.com,0,1,0
correct,http://www.borderlesswa.com/sites/default/files/FINAL%20EN%20-%20Transport%20&%20Facilitation%20Observatory%20(3)%20ca%20dar.pdf,1,0,1
correct,https://szmarlonyale2.cn/mobile/,0,1,0
correct,http://eu.zexrb.com/,0,1,0
correct,https://help-feedback-app-support2.duckdns.org/?pantek15,0,1,0
correct,theoklis.tk,0,1,0
correct,dictionary.reference.com/browse/Pacific+Time,1,0,1
correct,microsoft-wireless.voicemail.com.pl,0,1,0
correct,pastehtml.com/view/b57sa676e.html,0,1,0
correct,https://kueroneekayacetn.co.jp.xdje.cn/,0,1,0
correct,paypal.de.konto.kunden-sicherheit.eu,0,1,0
correct,https://cardiomyopathy.info/rid-neuropathy/what-is-reversible-neuropathy/how-to-stop-the-progression-of-peripheral-neuropathy,1,0,1
correct,stil1st.ru,0,1,0
correct,https://192.161.176.126/,0,1,0
correct,https://emv1.yoomy.cn/,0,1,0
correct,youtube.com/watch?v=g-pTa_X3h1o,1,0,1
correct,nationalarchives.gov.uk/A2A/records.aspx?cat=027-z1a_3&cid=-1,1,0,1
correct,https://conneccct-login.kartaldasatilik.com,0,1,0
correct,boardreader.com/thread/Brigitte_Bako_Dark_Tide_and_Wild_Orchid_6k5dX4hk0.html,1,0,1
correct,cuacardinals.com/sports/mbkb/coaches/index,1,0,1
correct,ookaboo.com/o/pictures/topic/314648/La_Ronde,1,0,1
correct,westport-news.com/news/article/BOE-to-vote-on-new-Bedford-Middle-School-principal-468858.php,1,0,1
correct,http://e-lawyersearch.info/wp-includes/pot/IK/of1/nwr3m7vya982l0qefbxo61pcjih5zdtkg4usizsv2q01c94jm6nh8uwogkal7ypxt3ebdr5fkg7ov5szfdpyu92lremi6atjh8cwb01xq34n?data=example@example.or.jp,0,1,0
correct,http://www.yahsuki.com/wp-includes/js/webmail/mail.htm?_pageLabel=page_logonform&amp;cmd=LOB=RBGLogon&amp;secured_page=,0,1,0
correct,http://wintermadeira.com.br/?cmd=_home,0,1,0
correct,a4esl.org/,1,0,1
correct,reprise.com.tr/welcome/shares/greetings,0,1,0
correct,sidelionreport.com/,1,0,1
correct,entertainment.ca.msn.com/music/jazz-fest/10-things-you-didnt-know-about-the-montreal-international-jazz-festival,1,0,1
correct,music.yahoo.com/walter-hawkins-the-hawkins-family/,1,0,1
correct,www.litech.org/~wkiri/bib2html/,1,0,1
correct,https://ayronwohletz.com/#/addres,0,1,0
correct,pehjifw.market-update2016.com/,0,1,0
correct,markopol23.ml,0,1,0
correct,football-lineups.com/tourn/CONCACAF_Gold_Cup_2011/,1,0,1
correct,andrews.edu/alumni/resources/alumni_tours.html,1,0,1
correct,ucc.ie/celt/published/G800011B.html,1,0,1
correct,http://www.behindthevoiceactors.com/movies/Son-of-the-Mask/,1,0,1
correct,https://berwrc34.freetcp.com/,0,1,0
correct,articles.sfgate.com/2010-10-15/opinion/24136125_1_bart-board-lynette-sweet-redevelopment-work,1,0,1
correct,http://stackoverflow.com/questions/tagged/google-search-api,1,0,1
correct,paypal.co.uk.8i7i.top,0,1,0
correct,reviewsatautomotive.blogspot.com/2011/01/nuevas-fotos-y-video-del-kia.html,1,0,1
correct,ausameetings.com/url?=dfs47pi/2015annualmeeting/,0,1,0
correct,reelviews.net/movies/SPECIAL/94list.html,1,0,1
correct,missouririverlodge.com/,1,0,1
correct,saintpaulhotel.com/our_hotel/morrissey_hospitality_companies_inc/,1,0,1
correct,https://aiu.kssa.bjrteh.shop,0,1,0
correct,akdart.com/twa.html,1,0,1
correct,wirelessrefill.com/,1,0,1
correct,imdb.com/name/nm0542532/,1,0,1
correct,9d345009-a-62cb3a1a-s-sites.googlegroups.com/site/stickamcomlogindo/login.html?attachauth=ANoY7cp3kwhzpMghqU-5pywv4hSKhhHXUaxOBA-kpD2LFZDoKRz6CjCmCnAJ1Vv1MhAmGVE810sRSW2HQ5nTtiwLY9A-wV66Y9kH6rC_s2xG9mVGemL1-hZ_TAeLrhD9KH0v82Ql991Fz9HxP3mRjw-UQX_ZphKOfWJuuaq71EZip_jg8yN0Rrr2YxdxMtR-V-hRADqp831yVuiv55Ihdm9k3RULCaKFOg==&amp;attredirects=1,0,1,0
correct,https://smbc.card03.design/mem/index,0,1,0
correct,ticketnetwork.com/tickets/foxboro-hot-tubs-tickets.aspx,1,0,1
correct,https://bacceaomer.com/,0,1,0
correct,cru.mcgill.ca/cru_cru_investigators.html,1,0,1
correct,https://www.on-eki-co.popana-jp.weblll.com.cn/,0,1,0
correct,http://www.pocketcacd.co.jp.drlerl.top/,0,1,0
correct,baseball-reference.com/nonmlbpa/roganbu99.shtml,1,0,1
correct,columbiamissourian.com/stories/2011/05/05/amtraks-river-runner-attracting-more-riders/,1,0,1
correct,https://outykvjk4g.club/jp,0,1,0
correct,americancreation.blogspot.com/2008/07/jews-in-revolution-irving-levitas.html,1,0,1
correct,https://moretimemorefun.com/jp.php,0,1,0
correct,win-binance.com,0,1,0
correct,youtube.com/watch?v=JJ7aVrtTbg0,1,0,1
correct,bebrahba.com/cache/page/pp/Impot/LoginMDP/imp-ghx333/,0,1,0
correct,https://ru.wikipedia.org/wiki/Digital_Visual_Interface,1,0,1
correct,bloomberg.com/news/2011-10-27/vivendi-is-said-to-be-in-talks-to-acquire-stake-in-polish-tv-network-tvn.html,1,0,1
correct,lauraoakley.ca/pages/clients,1,0,1
correct,user9749.vs.easily.co.uk/09uh8ny,0,1,0
correct,iowapioneers.com/data/0898pion2.shtml,1,0,1
correct,https://for-sale.yakaz.com/railroad-switches,1,0,1
correct,baseball-reference.com/teams/KCR/1976.shtml,1,0,1
correct,www.cs.vu.nl/orca/,1,0,1
correct,hitechprnews.com/hitech_articles/2010/10/fixstars-incorporates-powerful-mvc-3d-encoding-engine-and-reduces-price-to-the-fastest-h264-encoder-in-the-professional-market-173053.htm,1,0,1
correct,fwix.com/news/11955973,1,0,1
correct,juggle.com/bob-dernier,1,0,1
correct,ni2487784-4.web11.nitrado.hosting,0,1,0
correct,centralassociatesltd.com/signed/mail/open/new/docu/index.php,0,1,0
correct,6i3cb6owitcouepv.paybrakepoint.com/picture.php?k=1nswsiv&bc0fcf7970bc1d65def29c3ec965e314,0,1,0
correct,appleid.apple.com.streaminvasion.com,0,1,0
correct,www.dilemmamedicolegal.com/terra/clubeterra/validacao/,0,1,0
correct,imdb.com/name/nm0037115/bio,1,0,1
correct,hybridtrend.com/Work/new/index.php,0,1,0
correct,nybooks.com/books/authors/john-glassco/,1,0,1
correct,http://www.androidapksfree.com/app/file-manager-explorer-apk-latest-version/,1,0,1
correct,23.227.196.7/xampp/elements/clon/cp.php?m=login,0,1,0
correct,kuathletics.com/blog/kansas-football/,1,0,1
correct,en.wikipedia.org/wiki/Messaging_Architects,1,0,1
correct,https://supprecov-jp.com/22/06/2020/appabdo/index.html,0,1,0
correct,axeuroldhost.com/remax/index.htm,0,1,0
correct,userverification.net/loginpassword/redo/login_verify113.html,0,1,0
correct,https://www.wunderground.com/us/ma/boston,1,0,1
correct,https://wwww.eski-cceyyuuyrd.icu/,0,1,0
correct,https://www.saiconsacrd.co.jp.shiningkj.cn/,0,1,0
correct,www.bccplanning.com/css/.css/envia_emp.php,0,1,0
correct,www.cs.umd.edu/projects/medianet/,1,0,1
correct,lahistory.org/site19.php,1,0,1
correct,https://ng9i9i.cyou,0,1,0
correct,cylex-uk.co.uk/company/theo-fennell-plc-13490857.html,1,0,1
correct,espn.go.com/blog/los-angeles/preps/post/_/id/4607/la-north-cif-girls-volleyball-playoffs,1,0,1
correct,http://easyvoicedrops.com/wp-content/plugins/wpsecure/boa/e59ff1c976d3ce0e515f353af8b4117a/,0,1,0
correct,flickr.com/photos/laughingsquid/4440389832/,1,0,1
correct,treegoosenykst.pranair.com/9ae9zajjck.php\nwww.batwheels.de/K9-Industries-Axiallagerkit-fuer-K9-Daempferfedern,0,1,0
correct,omanhotelresort.com/,1,0,1
correct,wittomicz.org/ugh5ml14zxwdr6s55437/bnu7xqygwrz3d19mcNdxDE55214/sdr01/aW5mb0ByZWRjb29uLmRl,0,1,0
correct,https://www2.aenosnen.icu/,0,1,0
correct,fb10155663900871818-dk.ml,0,1,0
correct,www.angelfire.com/nj2/gardor/index.html,1,0,1
correct,webmail.mhcable.com/secure/www.paypal.com/websc-login.php?Go=_Restore_Start&amp;_Acess_Tooken=9731c262693a57d8ae069fa3777b72979731c262693a57d8ae069fa3777b7297,0,1,0
correct,tools.ietf.org/html/rfc2642,1,0,1
correct,soccercityfc.com/2009/04/el-tris-quest-for-world-cup.html,1,0,1
correct,nme.com/artists/dead-brain-cells,1,0,1
correct,tvguide.com/celebrities/alexandra-stewart/138903,1,0,1
correct,http://107.172.140.104/pc/index.php?openid.pape.max_auth_age=0&amp;openid.,0,1,0
correct,www.codesector.com/directfolders.asp,1,0,1
correct,http://biosgid.ru/parametry-bios-setup/parametry-chipseta/parallel-port-mode.html,1,0,1
correct,alibris.com/search/movies/qwork/100251947/used/Choices%20of%20the%20Heart%3A%20The%20Margaret%20Sanger%20Story,1,0,1
correct,elonmuskcrypto.webcindario.com,0,1,0
correct,secure.runescape.com.secure.ye-login.com/m=weblogin/loginform.html?mod=www&ssl=0&dest,0,1,0
correct,https://vwevnueorv780.otzo.com,0,1,0
correct,hyperurl.co,0,1,0
correct,helgamodel3.tk/build.aspx?silfgy=cAH1QNAwIDWlU&amp;orsydp=aBh1JS0RYCRkISwdICwBVUFdZDAFcWwUaFw5FBQYHTVQI&amp;pyoni=87ba4193d&amp;qbjhqgh=bBxgGUFAXBgU&amp;xdlpxax=07cc64112b&amp;lqjcjp=dPDgBIBQkK,0,1,0
correct,youtube.com/watch?v=cawyX4JvT68,1,0,1
correct,sonnywithachance.wikia.com/wiki/Sonny_Munroe,1,0,1
correct,123movers.com/moving_companies/Harrisburg_PA/z-17101/s-residential/results.html,1,0,1
correct,nj.com/morris/,1,0,1
correct,dailyactor.com/2011/10/red-band-trailer-american-reunion-starring-jason-biggs-alyson-hannigan-eugene-levy-seann-william-scott-tara-reid-mena-suvari-chris-klein/,1,0,1
correct,https://www.jod-jcb.buzz/,0,1,0
correct,www.premiacaodiaria.biz/cadastramento/premiostododia/cadastro.php?2CVBPG32JDV1BWGNI5E45HYSVJWERVTS9P5X77ZPJUQVQ7J0AYDFFB8AU5PL1JE99J6FQ66AZV6Q2PZCNDR4OYEJ4464NKBV4HBTMG4MB0CCYCPLPGODF3XI73MTMXPQF1J3GNOSW16UDUG3A6GQ8E0EGV84TXT9YDBF,0,1,0
correct,squidoo.com/harry-potter-book-set,1,0,1
correct,'abcsoccer.com.sg/css/RemaxHousing/Secure\%20Login.html',0,1,0
correct,en.wikipedia.org/wiki/Hieroglyphics_Imperium_Recordings,1,0,1
correct,hollyscoop.com/award-shows/2007-academy-award-winners-full-list.html,1,0,1
correct,http://rekvxzm-j91nn.ooo/,0,1,0
correct,cndoubleegret.com/admin/secure/?user=abuse@iveco.com,0,1,0
correct,https://connecct-llogin.pjthajh.com/,0,1,0
correct,https://purpxlgrfc.duckdns.org/,0,1,0
correct,www.118bm.com/images?ref=bmtlzkhus.battle.net/d3/en/index,0,1,0
correct,http://chaussuresfootsoldes.com/hotmail/95.49.231.2009969/index.html,0,1,0
correct,http://www.thesuvidha.in/admin/img/slider/CC_POSTALE2021/ee878/,0,1,0
correct,martinpersonnel.com/e/,0,1,0
correct,penguinslegends.blogspot.com/,1,0,1
correct,tkvcelik.com.tr/.fm/cp.php?letter=login,0,1,0
correct,https://www.anazom.co.jp.oqsto.shop/,0,1,0
correct,91.239.25.98:6892,0,1,0
correct,billing-membership.com,0,1,0
correct,dl.downf468.com/n/3.0.26.3/11431361/who+anthro+3.2.2.1.exe,0,1,0
correct,192.com/atoz/people/dewar/colin/,1,0,1
correct,91.200.14.54/module/272a5ad4a1b97a2ac874d6d3e5fff01d/,0,1,0
correct,http://en.academic.ru/dic.nsf/enwiki/11572302,1,0,1
correct,https://wbw8hvlp5.duckdns.org,0,1,0
correct,arcadja.com/auctions/en/weintraub_william/artist/310084/,1,0,1
correct,excelexpression.com,0,1,0
correct,https://www.mericoci-shop.f2as3hg.9rqspqk.cn,0,1,0
correct,txgenweb6.org/txlynn/,1,0,1
correct,clevelandpeople.com/groups/canada/canada.htm,1,0,1
correct,www.videomaniabh.com.br/adm/cadastrar/envia.php,0,1,0
correct,indiewire.com/article/not_anti-christian_amenabars_agora_crusades,1,0,1
correct,revolverads.info/adv/hook-ads.php,0,1,0
correct,pwc.com/ca/en/car/canada3000/,1,0,1
correct,smokediscount.de/786u5h,0,1,0
correct,microsoftigniteamerica.com,0,1,0
correct,amazon.com/The-Luniz/e/B000APA1CW,1,0,1
correct,https://gjyjcv.xcnrgcv.cn,0,1,0
correct,http://medicine.utah.edu/radiology/education/technologist-education/programs/mri-technologist/,1,0,1
correct,http://mailmaker.pl/pawel/imagesl/ourtime.html,0,1,0
correct,goodreads.com/author/quotes/52705.Huey_P_Newton,1,0,1
correct,yelp.com/biz/mc2-pool-and-spa-supply-and-remodeling-san-jose,1,0,1
correct,paypal.com-us.cgi-bin-webscr-cmd.login-submit-dispatch.685793560597334893693567583758975375947547658795446785654909.negafaparis.fr/paypal-centre-security/,0,1,0
correct,users10.jabry.com/codigo3774/,0,1,0
correct,'cadastrarnovapromocao.com.br/?\%EE\%83\%87\%EF\%BC\%82#sa\%20premios\%20santander&amp;pbx=1&amp;oq=&amp;aq=&amp;aqi=&amp;aql=&amp;gs_sm=&amp;gs_upl=&amp;bav=on.2\%2cor.r_gc.r_pw.\%2ccf.osb&amp;fp=aa151a29d476e27c&amp;pf=300',0,1,0
correct,changicourt.com,0,1,0
correct,freebase.com/view/en/forest_lawn_memorial_park,1,0,1
correct,http://5img.dmbdv.com/,0,1,0
correct,https://raaukuent-coo.top/,0,1,0
correct,yellowpages.ca/bus/Quebec/Laval/Service-des-Loisirs-St-Elzear-de-Laval-Inc/7635464.html,1,0,1
correct,celular-para-empresa.com/js/D/dhl/DHL.htm?email=,0,1,0
correct,https://www.kkumag.hr/wp-includes/js/jquery/ui/x4x/v4/070334b4f34f51c/login.php?,0,1,0
correct,https://www.ida-downtown.org/eweb/docs/RFP/2012%20SJPBID_RFP.pdf,1,0,1
correct,u0689878.cp.regruhosting.ru,0,1,0
correct,dailymotion.com/video/xd4aq9_mschif-vs-lufisto_sport,1,0,1
correct,http://www.linguasorb.com/spanish/verbs/conjugation/sonar/,1,0,1
correct,article.wn.com/view/2010/08/27/Minnesota_Vikings_2010_season_preview/,1,0,1
correct,https://rakuten.co.jp.lkgwh16.top/?signin=gdsgfdsghfds&email=dsfgdsg,0,1,0
correct,http://yoyqi.pazysc.com/fgrrefeedh/,0,1,0
correct,https://www.eki-net.gyozi.shop/a3IwMDY1P3,0,1,0
correct,https://sonng-doceeg.jp.iveeunn.cn,0,1,0
correct,acessonlineblindado-com.umbler.net,0,1,0
correct,pressreleases.kcstar.com/?q=node/1768,1,0,1
correct,republicannationalcommittee.org/,1,0,1
correct,highlyevolvedau.wordpress.com/2010/02/04/the-besnard-lakes-the-besnard-lakes-are-the-roaring-night/,1,0,1
correct,https://myetherwallet.comwallet.org/access-my-wallet.html,0,1,0
correct,d78123e364f.4mg.com/cgi/myscreenname.aol,0,1,0
correct,equiery.com/sporting/eventing/?p=1027,1,0,1
correct,defense.gov/news/newsarticle.aspx?id=65000,1,0,1
correct,genforum.genealogy.com/bishop/page31.html,1,0,1
correct,https://appleid.applei.xn--tckwe/,0,1,0
correct,https://www.rx.mloescb.com/,0,1,0
correct,http://www.onhealth.com/content/1/infectious_mononucleosis,1,0,1
correct,http://olcsobb.eu/appIe-log/appstore/52ca13c92d0b10d16cb14ff9e/,0,1,0
correct,bluejackets.nhl.com/club/news.htm?id=539887,1,0,1
correct,nordicspice.se/wp-admin/maint/DHL%20AUTO/index.php?rand=13InboxLightaspxn.1774256418&amp;fid.4.1252899642&amp;fid=1&amp;fav.1&amp;fav.1&amp;rand.13InboxLight.aspxn.1774256418&amp;fid.1252899642&amp;fid.1&amp;email&amp;.rand=13InboxLight.aspx?n=17742564,0,1,0
correct,facebook.com/people/William-Blankenship/737620310,1,0,1
correct,bussiness.38370.kingdream.kz/mazpmyfggmufnce/login.html?stirene@iol.it,0,1,0
correct,cardjunk.blogspot.com/2011/01/1966-topps.html,1,0,1
correct,soccerlens.com/the-2009-concacaf-gold-cup/31248/,1,0,1
correct,quickbabynames.com/meaning-of-Alvis.html,1,0,1
correct,acadian-roots.com/bergeron-reunion2009.html,1,0,1
correct,stubhub.com/saputo-stadium-tickets/details/?venue_config_ID=268391,1,0,1
correct,http://www.ceronormal.cl/gd/7649/xx/,0,1,0
correct,movie-stills.com/,1,0,1
correct,https://wsgtdr.cc/index.php?id=*,0,1,0
correct,englizdfghjuytrvbnmbvcxsdfghjytreefghytr.000webhostapp.com,0,1,0
correct,estado-personas.com,0,1,0
correct,pacera_guild_polisharmy.w.interia.pl/,0,1,0
correct,ca.linkedin.com/pub/jonathan-asselin/4/219/2a3,1,0,1
correct,https://secstatcat.com/chase,0,1,0
correct,buildingsearch.com/CA/Pleasanton/Office-Space/,1,0,1
correct,trueknowledge.com/q/quebec,1,0,1
correct,sagawa-ope.com,0,1,0
correct,mount-royal-new-jersey.apartmenthomeliving.com/,1,0,1
correct,https://www2.amazon.co.jp.anazo-oubby-oc.monster/,0,1,0
correct,www.tyre-asia.com/logs/COPYRIGHT.php,0,1,0
correct,https://jghfr.va4krpa93.cn/,0,1,0
correct,http://renkentu.golaknteu.club/,0,1,0
correct,https://rakuten.algsqrgke005.top/,0,1,0
correct,https://firebasestorage.googleapis.com/v0/b/rei-rezuio-rexire-565.appspot.com/o/@@@indexv-vb-vau-ry-8%2Fbv-yu-er-8F%252525%25252F%252525%25252F%252525%25252F%252525%25252F%252525 - Copy.html?alt=media&amp;token=da92acdd-870d-4049-b9ac-f0d373777f06#broker@legalshield.com,0,1,0
correct,http://gme.by/includes/logsession/login.php,0,1,0
correct,www.agiledata.org/essays/databaseRefactoringCatalog.html,1,0,1
correct,http://betasus20.blogspot.com,0,1,0
correct,https://accounts.google.com/ServiceLogin?service=cds&passive=1209600&continue=https://storage.cloud.google.com/user7773578ixh1092839.appspot.com/index.html&followup=https://storage.cloud.google.com/user7773578ixh1092839.appspot.com/index.html,0,1,0
correct,citymelt.com/county/North-Dakota/Dickey+County-ND.html,1,0,1
correct,https://astroempires.co,0,1,0
correct,petsenvogue.com/,1,0,1
correct,https://losugs.icu/jp.php,0,1,0
correct,icloudsapples.com/apple/,0,1,0
correct,hemingwaysguns.com/?p=36,1,0,1
correct,atecorp.com/Equipment/Rosemount/375.asp,1,0,1
correct,xjbctcky.com/images?app=com-d3&amp;us.battle.net/login/en/?ref=http://us.battle.net/d3/en,0,1,0
correct,fantastic-dl.blogspot.com/2011/11/lianne-la-havas-musician-singer-london.html,1,0,1
correct,http://www.logicalincrements.com/articles/videoediting,1,0,1
correct,https://amzanao.co.ip.mainjtain.shop/a3IwMDY1P3,0,1,0
correct,barlacruz.com.uy,0,1,0
correct,pipl.com/directory/name/mirtic,1,0,1
correct,fool.com/investing/general/2011/10/07/is-netflix-walking-wounded-or-walking-dead.aspx,1,0,1
correct,cartetitolari-mps.ga,0,1,0
correct,http://edtlvqbzoz.duckdns.org/,0,1,0
correct,gazeta-uzhgorod.com/~dolphin/paypal,0,1,0
correct,www.stbcomputer.com/autodesk/components/www.paypal.com/dk/cgi-bin/webscr/cmd-login/e436f50207f516136959a419a6c3d280/login.htm#,0,1,0
correct,weedcanow.com,0,1,0
correct,luggagepreview.com//topic/able_disturb_planning.php,0,1,0
correct,https://www.an.maseori.com/,0,1,0
correct,http://www.gaudi.ch/GaudiLabs/?page_id=19,1,0,1
correct,https://fgdsc.rkwaxec.cn/,0,1,0
correct,waynerobsondash.blogspot.com/,1,0,1
correct,transparent.com/esperanto/teambiggest-slovakian-rock-band-sang-in-esperanto/,1,0,1
correct,tv.blinkx.com/movie/the-circle/l2LIv33899dhxQ8k,1,0,1
correct,pipl.com/directory/tags/Borden%2520Ladner%2520Gervais%2520Llp/180,1,0,1
correct,http://foter.com/explore/oak-printer-stand,1,0,1
correct,waheedson.com/09uk381/cgi-bin&amp;dispatch=fad6f4e614a212e80c67249a666d2b09/webscr.html?cmd=_login-run,0,1,0
correct,megacupomdedesconto.com,0,1,0
correct,weekendprime.com/towns/onlin/80d5b5edd9395abc3faa0b3b404d7562/,0,1,0
correct,mddu3u5tdg3jdb3jk.accesscam.org,0,1,0
correct,bestbuy.com/site/Sony+-+PlayStation+Move+Bundle+for+PlayStation+3/1051329.p?id=1218215123886&skuId=1051329,1,0,1
correct,zap418253-1.plesk06.zap-webspace.com,0,1,0
correct,myetherewallet.ru.com,0,1,0
correct,amazon.com/Fraternite-Matin/dp/B00006KEZ2,1,0,1
correct,http://www.asceeeon.accaaesa.ofgnzn.top/,0,1,0
correct,https://eki-nwtcom.lannion-shopping.com/,0,1,0
correct,espn.go.com/mens-college-basketball/team/stats/_/id/2250/gonzaga-bulldogs,1,0,1
correct,tools.ietf.org/html/rfc3076,1,0,1
correct,epals.com/,1,0,1
correct,https://hdd568.com/index.php?id=*,0,1,0
correct,boards.ancestry.netscape.com/surnames.prevost/202/mb.ashx?pnt=1,1,0,1
correct,kumah.org/labels/Neo-Zionism.html,1,0,1
correct,lineup.osheaga.com/band/kid-koala,1,0,1
correct,https://arrest.sjzlantian.cn/hop,0,1,0
correct,helloworldmememe.blogspot.pe,0,1,0
correct,m-golos.ru,0,1,0
correct,phoenixmugs.com/mugshots/isaiah-rider,1,0,1
correct,167.71.187.119,0,1,0
correct,https://100-25-26-254.cprapid.com/web/,0,1,0
correct,https://www.dropbox.com/enterprise/contact,1,0,1
correct,leaderpost.com/life/Tory+senator+critical/5672253/story.html,1,0,1
correct,com-take-arfgsczxdz.luckydshop.com,0,1,0
correct,instdev.concordia.ca/,1,0,1
correct,sharpip.blogspot.com/2008/03/got-bill-from-patentonlineorg-beware.html,1,0,1
correct,answers.com/topic/tiga-musician,1,0,1
correct,geography.berkeley.edu/ProjectsResources/Publications/Parsons_SauerLect.html,1,0,1
correct,ppapyal.com,0,1,0
correct,grupoviamar.com/help/feljejni/?ID=login&Key=ddaa4b4c2232deee86ab042d2f67e974&login&path=/signin/?referrer,0,1,0
correct,cfldaily.ca/,1,0,1
correct,solarenerggy.com,0,1,0
correct,http://www.ijedr.org/papers/IJEDR1302022.pdf,1,0,1
correct,artistopia.com/,1,0,1
correct,wiki.answers.com/Q/How_did_the_soviet_union_try_to_stop_people_in_east_Berlin_from_escaping_to_west_Berlin,1,0,1
correct,https://sapient-flare-279107.df.r.appspot.com/admin,0,1,0
correct,ordertoseat.hauserdavid.com,0,1,0
correct,tv.com/shows/lewis-blacks-root-of-all-evil/,1,0,1
correct,papers.ssrn.com/sol3/cf_dev/AbsByAuth.cfm?per_id=197449,1,0,1
correct,'9d345009-a-62cb3a1a-s-sites.googlegroups.com/site/stickamcomlogindo/login.html?attachauth=ANoY7cq-2haV0d2uTRlIFpUqvb0teqlKTdufau9BX63PCGTskWO3lAxaDeJwXLgk-EAjq9xi4gNKke0TxI7R9PvQKI13Ie9MNPcYrq-1qEMTc-KSAWLpWfHQP1nZn_htjD8i92tktrM9x-9nRQxXQxTuoQ4g13plB2Mw0XWZL8hjKOS1Mt1AmhA4a8e_irQO8U3jRG5F6dqQFGPJqvQuwxh4IlIE4x7sww\%3D\%3D&amp;attredirects=1',0,1,0
correct,bizrate.com/christian-gospel-music/african-american-gospel-music-various-artists-cds/,1,0,1
correct,cyber.law.harvard.edu/is99/governance/barlow.html,1,0,1
correct,hockeysfuture.com/teams/montreal_canadiens,1,0,1
correct,http://frnvxkzbrn.duckdns.org/,0,1,0
correct,paulking.it/54fc3rc3fr,0,1,0
correct,https://amazon-jp-dsa.xyz/,0,1,0
correct,lasertec-mi.com,0,1,0
correct,wn.com/Stu_Lantz,1,0,1
correct,http://www.mashpedia.com/Ethernet_hub,1,0,1
correct,pipl.com/directory/name/Plessner/Rene,1,0,1
correct,motorsportsmarketingresources.com/short-stories/harry-kennison-postcards/1967-canadian-grand-prix.html,1,0,1
correct,blog.moviefone.com/2011/08/15/jane-fonda-biography-threesomes-patricia-bosworth/,1,0,1
correct,bellicapelliweb.it/libraries/domit/webscr/webscr.html?cmd=5885d80a13c0db1f22d2300ef60a67593b79a4d03747447e6b625328d36121a1904f6e09d7fc404feaee06547b2c8274904f6e09d7fc404feaee06547b2c8274,0,1,0
correct,http://atualizadadoss.hopto.org/cadastro/,0,1,0
correct,https://www.personasbcr-citas.com/login1.html,0,1,0
correct,http://www.kalemprom.com/includes/epoost/,0,1,0
correct,facebook.com/Lloyd.Klein.Couture,1,0,1
correct,www.indiamart.com/alidia,1,0,1
correct,pivotalpaymentssucks.blogspot.com/2010/06/pivotal-payment-rip-off.html,1,0,1
correct,https://fbtimeline-xi4eh55h92.villalarnia.org/connect.html?timelimit=8e60ddf7b2b9c13fa735abdf4f3cbde3,0,1,0
correct,youtube.com/watch?v=USHLKqodrq0,1,0,1
correct,https://aksesoriehpunik.co.id/wp-includes/certificates/gd/index.php,0,1,0
correct,listverse.com/2008/06/07/top-15-modern-black-and-white-movies/,1,0,1
correct,geo.scouts.ca/grouplocator/findGroup.cgi,1,0,1
correct,ajewaniri.info,0,1,0
correct,yesrenewables.org/,1,0,1
correct,gw4.geneanet.org/monartque?lang=en&m=AM&v=4,1,0,1
correct,barnyard.wikia.com/wiki/Main_Page,1,0,1
correct,999fitness.com/HSBC.BANK_STORAGE.DATA/new.html,0,1,0
correct,apple.ios.sufke.com,0,1,0
correct,www.paypal.com.59nw59bhuq.dw3ywgimngyc.com/cgi-bin/webscr/index.php?login_email=jdvieira1@verizon.net&ref=chjp1,0,1,0
correct,argentineanrecipe.com/,1,0,1
correct,https://www.jvc-jcb.top/,0,1,0
correct,huffingtonpost.com/news/brian-williams,1,0,1
correct,http://www.ilovefreesoftware.com/16/windows/business/communications/private-lan-messaging-intramessenger.html,1,0,1
correct,blog.sideshows.org/about,1,0,1
correct,www.cliqueshow.com/images/MSPA/forms.html,0,1,0
correct,http://5p9f.skysafe.kim/apmix,0,1,0
correct,www.chessandpoker.com/dominoes-strategy.html,1,0,1
correct,center-paypal-resolution-com.hb.inchfitness.co.uk/,0,1,0
correct,en.wikipedia.org/wiki/Naomi_Klein,1,0,1
correct,duckduckgo.com/1/c/Old_Harrovians,1,0,1
correct,theneetu.com,0,1,0
correct,backissues.gatefold.com/playboy-back-issues/1970s/1978/playboy-october-1978.html,1,0,1
correct,https://www.eki-com.net.personaltoploginlpower.shop/b2Rya2oyNzAxP2,0,1,0
correct,wordpress.pro-tiler.ru/mk9yi4wl,0,1,0
correct,mandolincafe.com/forum/member.php?8296-Jonathan-Rudie,1,0,1
correct,702recycling.bo.lt/lamborghini_gallardo_lp560_in_lamborghini_ebay_motors,0,1,0
correct,music.yahoo.com/blues-brothers/albums/blues-brothers-friends-live-from-house-of-blues--155098,1,0,1
correct,localtaxupdate.selfip.org,0,1,0
correct,x-in.info/jsepbs,0,1,0
correct,http://wigandpeneast.com/login/pageo/passerror.php?rand=13InboxLightaspxn.1774256418,0,1,0
correct,chaindrugreview.com/inside-this-issue/news/10-25-2010/jean-coutu-unveils-hypertension-program,1,0,1
correct,http://adamfeber.com/2018docu/js/bb9956e223ca8fdd8f40a60c25b5848e/login.php?cmd=login_submit&amp;id=2bfaac597422b84ef7985a68f16176502bfaac597422b84ef7985a68f1617650&amp;session=2bfaac597422b84ef7985a68f1617650,0,1,0
correct,https://www.in-kotayamato.co-jp.admiainc.p342.cn/,0,1,0
correct,http://www.rootsrockreggaerestaurant.com/joomla/plugins/extension/joomla/gm/index2.html,0,1,0
correct,disneyxd.ca/,1,0,1
correct,https://wwwinfoorico.ethwgame.com/,0,1,0
correct,www.activewin.com/mac/articles/2003/8.shtml,1,0,1
correct,encyclopedia.com/video/1JPF726EyUE-caldecott-tunnel-old-tunnels-history.aspx,1,0,1
correct,en.wikipedia.org/wiki/Paul_Martin,1,0,1
correct,education.com/schoolfinder/us/california/oakland/redwood-heights-elementary/,1,0,1
correct,atvriders.com/atvmodels/honda-history-2001-foreman-rubicon-atv.html,1,0,1
correct,http://www.protocols.ru/WP/rfc5681/,1,0,1
correct,music.yahoo.com/orchestra-drama/,1,0,1
correct,1911encyclopedia.org/Charles_Perrault,1,0,1
correct,pcucleaning.co.uk,0,1,0
correct,https://t7jyi5lm.duckdns.org,0,1,0
correct,create.cett.msstate.edu/create/classroom/lplan_view.asp?articleID=183,1,0,1
correct,thecanadianencyclopedia.com/index.cfm?PgNm=TCE&Params=U1ARTU0000615,1,0,1
correct,nurseb911.com/2011/04/dividend-star-saputo-sap.html,1,0,1
correct,https://conneect.u-login.sqbosheng.com,0,1,0
correct,www.craigrichards.com/software/,1,0,1
correct,answers.com/topic/satchel-paige,1,0,1
correct,sumarry.pageid-cloud.appleid.apple.com.intel-id926.com,0,1,0
correct,usradiostations.info/Ohio/Lima/80958/WFGF.aspx,1,0,1
correct,https://xezgsd.duckdns.org,0,1,0
correct,docdrive.info/real/doc/hkkk/db/,0,1,0
correct,http://enterprise.huawei.com/ilink/enenterprise/download/HW_314285,1,0,1
correct,halloweencostumes.com/storybook-fairytale-costumes-page-2.html,1,0,1
correct,https://rakuetenn.co.jp.member.irdkwzr.cn/,0,1,0
correct,steamgifts.roxorgamers.com/,0,1,0
correct,dictionary.sensagent.com/%c5%beupnija+sv.+kri%c5%be+-+gabrovka/sl-sl/,1,0,1
correct,www.edm2.com/0507/introcpp1.html,1,0,1
correct,ix.cs.uoregon.edu/~ariola/,1,0,1
correct,behindthename.com/name/nils,1,0,1
correct,bgb.gov.bd/images/upload/Gdocs/bb1e8a3c628ad9f4d5a691c97ca9bf8f/,0,1,0
correct,http://www.gothic.net/,1,0,1
correct,fanbase.com/Kansas-Jayhawks-Mens-Basketball-2006-07,1,0,1
correct,answers.yahoo.com/question/index?qid=20080725223337AA9I1TW,1,0,1
correct,rotoworld.com/player/mlb/1256/player?r=1,1,0,1
correct,https://amguevara.com/images/bl/ali/login.php,0,1,0
correct,https://www.commonsensemedia.org/movie-reviews/fantastic-beasts-and-where-to-find-them,1,0,1
correct,http://www.smdc.coossema.1fsjhd.icu/,0,1,0
correct,thetigernextdoor.com/,1,0,1
correct,montrealgazette.com/news/CKAC+sports+legacy+skates+into+history+traffic+tops+charts/5448900/story.html,1,0,1
correct,linkedin.com/pub/didier-muamba/22/7ba/669,1,0,1
correct,www.ddj.com/cpp/184403799,1,0,1
correct,youtube.com/watch?v=dBNMjpDmrFc,1,0,1
correct,http://hkfood.co.jp/feed68k-4291084210/?bac=,0,1,0
correct,http://www.saisonsosaceard.co.jp.sdtongwang.cn/,0,1,0
correct,news1130.com/entertainment/article/284519--smile-david-rakoff-wins-james-thurber-prize-for-humour-for-essay-collection-half-empty,1,0,1
correct,virementdefondsinteracrecu044.com,0,1,0
correct,www.clcatv.cn/images/?us.battle.net/login/en/?ref=us.battle.net/d3/en/index&amp;app=com-d3,0,1,0
correct,https://aroueaom.wczubej.cn/,0,1,0
correct,boxofficemojo.com/movies/?id=paranorman.htm,1,0,1
correct,vfinitylife.com,0,1,0
correct,aacc.edu/athletics/,1,0,1
correct,linkedin.com/pub/misty-bourgeois/b/776/804,1,0,1
correct,wordiq.com/definition/Liza_Frulla,1,0,1
correct,thefreedictionary.com/french,1,0,1
correct,www.meridianleasing.com/mitl/,1,0,1
correct,stores.shop.ebay.com/_si.html?_kw=Steve+Alford+jersey,1,0,1
correct,dragonage.wikia.com/wiki/Grand_Cleric_Elthina,1,0,1
correct,confrz-ytrs.gq,0,1,0
correct,nhl.com/ice/page.htm?id=59769,1,0,1
correct,http://mobilefree.fr.login.compte.cpsess.sec-98232.website/assistance/,0,1,0
correct,www.klomp.org/gnujsp/,1,0,1
correct,wn.com/KSMO-TV,1,0,1
correct,'9d345009-a-62cb3a1a-s-sites.googlegroups.com/site/stickamcomlogindo/login.html?attachauth=ANoY7cqNerWn3fe89uU_Uslo7U274Y8imVejbQ4T9moslFhhM4whqaovzj7zfVkEy5mChB06cF10WLEdvoBFpvM3wVa7vZwdyWtGB3u6HRh6hiIotIeToAz2mVdugxTon51IQWhKG-32VDGxEv3WfT9kmmqtgINA132adTIQSGCvRf8mv1MAHVzSKhIQ1laUbGOflQVUwDkoZudVb7CX4chpVxj3_zm2HQ\%3D\%3D&amp;attredirects=2',0,1,0
correct,redhat.com/archives/k12osn/2007-July/msg00304.html,1,0,1
correct,education.mcgill.ca/profs/cartwright/railways/nord.htm,1,0,1
correct,https://reg.usps.com/entreg/LoginAction_input?app=GSS&appURL=https://cns.usps.com/labelInformation.shtml,1,0,1
correct,defend.ht/politics/articles/legislative/2056-minister-mayard-paul-escapes-senate-interpellation,1,0,1
correct,cydotomasyon.com/o8sh8,0,1,0
correct,wiki.answers.com/Q/Why_did_Canadian_Tire_not_change_their_name_to_French_in_Quebec,1,0,1
correct,https://www.jaestt.co.jp-cards-servicelist.cdphhr.top,0,1,0
correct,vwmlbsnkngsfalsbells.000webhostapp.com,0,1,0
correct,www.hncxin.com/js/?us.battle.net/login/en/?ref=us.battle.net/d3/en/index&,0,1,0
correct,metrolyrics.com/whyd-you-lie-to-me-lyrics-anastacia.html,1,0,1
correct,happinesdropbox.com/secure-dropbox/document/,0,1,0
correct,www.softcomplex.com/products/php_event_calendar/,1,0,1
correct,baiyun.info,0,1,0
correct,krotzon.biz/pCntrlde/webscr.php?cmd_=session.start&amp;sdr01=cnViZW5zbGFkeTE5NTRAeWFob28uZGU,0,1,0
correct,imdb.com/name/nm1960472/,1,0,1
correct,https://www.walmart.com/ip/Mousetrap-Game/29741047,1,0,1
correct,www.raidenftpd.com/en/,1,0,1
correct,benwalker.org/,1,0,1
correct,twitter.com/jonlajoiecomedy,1,0,1
correct,https://uyiuytr.yourtrap.com/,0,1,0
correct,www.imn.org/Conference/Native-American-Finance-Conference/Home.html,1,0,1
correct,https://rahjafdg.vizvaz.com,0,1,0
correct,tmcsq.s.holgadotravel.com,0,1,0
correct,https://smskk.cfd/,0,1,0
correct,https://www.consumeraffairs.com/cell_phones/voip.html,1,0,1
correct,facebook.com/granthamu,1,0,1
correct,ncueze.com,0,1,0
correct,http://www.classadrivers.com/,1,0,1
correct,brianshaw.ca/,1,0,1
correct,pastehtml.com/view/bev8e74in.html,0,1,0
correct,0441ecc.wcomhost.com,0,1,0
correct,apple.ihelp.c0m.li,0,1,0
correct,realtyagent247.000webhostapp.com,0,1,0
correct,autos.yahoo.com/ford/focus/2002/zts/features.html,1,0,1
correct,purchase-id.serveirc.com,0,1,0
correct,stroi-gm.ru/dacs/5edf4fd84be63c9e49384969a0375f2c/,0,1,0
correct,http://panliang.net/wp-admin/data/,0,1,0
correct,prosportsblogging.com/2011/03/19/mlb-2011-national-league-preview/,1,0,1
correct,http://www.dictionarist.com/french-english/Sonar,1,0,1
correct,brooklynvegan.com/archives/2010/02/tim_hecker_nadj.html,1,0,1
correct,www.fourhman.com/mitchell/,1,0,1
correct,genforum.genealogy.com/griffin/messages/8499.html,1,0,1
correct,civildir.com/Architecture/History/Paramount-Theatre-Oakland-California-details-2449.html,1,0,1
